LCLid,READING_DATE,00:00:00,00:30:00,01:00:00,01:30:00,02:00:00,02:30:00,03:00:00,03:30:00,04:00:00,04:30:00,05:00:00,05:30:00,06:00:00,06:30:00,07:00:00,07:30:00,08:00:00,08:30:00,09:00:00,09:30:00,10:00:00,10:30:00,11:00:00,11:30:00,12:00:00,12:30:00,13:00:00,13:30:00,14:00:00,14:30:00,15:00:00,15:30:00,16:00:00,16:30:00,17:00:00,17:30:00,18:00:00,18:30:00,19:00:00,19:30:00,20:00:00,20:30:00,21:00:00,21:30:00,22:00:00,22:30:00,23:00:00,23:30:00,ANNUAL_CONSUMPTION,Daily Consumption
MAC000005,2013-01-01,0.096,0.111,0.071,0.035,0.035,0.034,0.035,0.03,0.028,0.03,0.033,0.035,0.033,0.036,0.034,0.052,0.309,0.138,0.056,0.036,0.035,0.165,0.097,0.073,0.034,0.034,0.034,0.034,0.024,0.025,0.029,0.033,0.032,0.032,0.031,0.026,0.027,0.248,0.548,0.296,0.247,0.157,0.114,0.115,0.115,0.292,0.13,0.045,1.6524261953557688,4.339
MAC000005,2013-01-02,0.035,0.035,0.035,0.029,0.024,0.03,0.034,0.034,0.038,0.024,0.022,0.032,0.034,0.033,0.035,0.027,0.054,0.229,0.098,0.111,0.047,0.036,0.033,0.026,0.025,0.026,0.032,0.033,0.171,0.145,0.126,0.175,0.147,0.225,0.818,0.294,0.421,0.227,0.162,0.151,0.143,0.167,0.311,0.223,0.2,0.153,0.139,0.051,1.6524261953557688,5.699999999999999
MAC000005,2013-01-03,0.031,0.032,0.033,0.031,0.033,0.027,0.031,0.027,0.028,0.029,0.031,0.032,0.031,0.033,0.032,0.055,0.346,0.137,0.06,0.032,0.032,0.036,0.036,0.157,0.035,0.082,0.034,0.029,0.029,0.027,0.144,0.204,0.07,0.067,0.185,0.763,0.485,0.316,0.134,0.129,0.099,0.081,0.09,0.108,0.122,0.385,0.135,0.072,1.6524261953557688,5.176999999999999
MAC000005,2013-01-04,0.035,0.029,0.03,0.029,0.029,0.03,0.033,0.032,0.032,0.032,0.037,0.031,0.032,0.033,0.035,0.062,0.307,0.114,0.147,0.037,0.041,0.106,0.363,0.226,0.114,0.029,0.036,0.035,0.135,0.074,0.06,0.064,0.244,0.134,0.131,1.345,0.271,0.367,0.165,0.144,0.091,0.112,0.103,0.124,0.242,0.129,0.082,0.075,1.6524261953557688,6.187999999999999
MAC000005,2013-01-05,0.053,0.03,0.027,0.027,0.034,0.035,0.036,0.036,0.027,0.027,0.03,0.036,0.037,0.036,0.047,0.077,0.237,0.217,0.207,0.05,0.033,0.043,0.069,0.062,0.168,0.137,0.793,0.174,0.041,0.031,0.064,0.151,0.11,0.213,0.076,0.14,0.212,0.182,0.115,0.111,0.309,0.144,0.181,0.134,0.102,0.117,0.117,0.034,1.6524261953557688,5.369000000000001
MAC000005,2013-01-06,0.032,0.032,0.033,0.029,0.029,0.028,0.028,0.029,0.037,0.032,0.032,0.032,0.033,0.033,0.062,0.239,0.396,0.2,0.27,0.035,0.197,0.291,0.097,0.125,0.741,0.708,0.679,0.166,1.053,1.748,0.331,0.198,0.278,0.286,0.197,0.286,0.237,0.228,0.2,0.194,0.191,0.206,0.438,0.142,0.146,0.157,0.151,0.124,1.6524261953557688,11.436000000000002
MAC000005,2013-01-07,0.132,0.041,0.034,0.034,0.034,0.035,0.038,0.039,0.036,0.037,0.036,0.032,0.03,0.036,0.066,0.082,0.076,0.221,0.07,0.049,0.034,0.034,0.033,0.033,0.031,0.033,1.005,0.071,0.13,0.121,0.078,0.068,0.068,0.078,0.066,0.289,0.478,0.363,0.162,0.159,0.122,0.089,0.105,0.108,0.336,0.173,0.142,0.122,1.6524261953557688,5.689
MAC000005,2013-01-08,0.033,0.033,0.031,0.03,0.03,0.03,0.031,0.03,0.03,0.03,0.03,0.03,0.035,0.033,0.033,0.043,0.166,0.213,0.073,0.046,0.032,0.032,0.031,0.031,0.031,0.031,0.029,0.029,0.029,0.028,0.029,0.028,0.028,0.027,0.029,0.164,0.209,0.288,0.22,0.195,0.141,0.086,0.131,0.343,0.127,0.12,0.153,0.122,1.6524261953557688,3.752999999999999
MAC000005,2013-01-09,0.049,0.031,0.031,0.031,0.032,0.03,0.031,0.031,0.03,0.031,0.033,0.031,0.029,0.03,0.031,0.042,0.131,0.221,0.085,0.065,0.03,0.034,0.03,0.03,0.03,0.029,0.029,0.041,0.035,0.032,0.156,0.112,0.047,0.293,0.687,0.343,0.218,0.337,0.186,0.191,0.111,0.108,0.117,0.358,0.175,0.128,0.089,0.091,1.6524261953557688,5.092
MAC000005,2013-01-10,0.032,0.033,0.031,0.031,0.031,0.031,0.031,0.033,0.031,0.03,0.03,0.029,0.03,0.031,0.031,0.051,0.301,0.218,0.166,0.085,0.036,0.029,0.027,0.028,0.028,0.028,0.028,0.028,0.202,0.109,0.114,0.227,0.087,0.066,0.103,0.491,0.399,0.345,0.167,0.234,0.212,0.085,0.077,0.21,0.212,0.162,0.11,0.11,1.6524261953557688,5.24
MAC000005,2013-01-11,0.112,0.075,0.032,0.032,0.03,0.031,0.03,0.033,0.03,0.03,0.028,0.029,0.029,0.03,0.03,0.056,0.389,0.195,0.119,0.098,0.071,0.153,0.089,0.118,0.169,0.128,0.101,0.238,0.031,0.028,0.028,0.031,0.028,0.113,0.144,0.457,0.724,0.346,0.164,0.165,0.125,0.082,0.102,0.178,0.17,0.297,0.101,0.076,1.6524261953557688,5.895
MAC000005,2013-01-12,0.028,0.028,0.028,0.028,0.029,0.028,0.028,0.028,0.029,0.028,0.029,0.028,0.033,0.03,0.03,0.055,0.345,0.199,0.117,0.036,0.032,0.03,0.202,0.181,0.139,0.17,0.585,0.167,0.069,0.068,0.066,0.229,0.113,0.068,0.064,0.127,0.321,0.213,0.117,0.183,0.163,0.099,0.081,0.092,0.29,0.099,0.129,0.043,1.6524261953557688,5.324000000000001
MAC000005,2013-01-13,0.03,0.029,0.029,0.028,0.03,0.03,0.03,0.029,0.035,0.029,0.028,0.029,0.028,0.031,0.029,0.036,0.063,0.408,0.175,0.105,0.167,0.029,0.027,0.028,0.028,0.028,0.027,0.027,0.027,0.027,0.149,0.128,0.569,0.187,0.136,0.135,0.286,0.241,0.129,0.102,0.104,0.109,0.17,0.386,0.126,0.16,0.126,0.128,1.6524261953557688,5.017
MAC000005,2013-01-14,0.091,0.031,0.029,0.029,0.029,0.028,0.029,0.029,0.028,0.028,0.029,0.029,0.029,0.03,0.03,0.051,0.4,0.185,0.095,0.05,0.121,0.113,0.182,0.62,0.232,0.16,0.275,0.065,0.145,0.063,0.123,0.127,0.069,0.063,0.064,0.082,0.556,0.64,0.256,0.126,0.105,0.093,0.074,0.25,0.207,0.157,0.096,0.093,1.6524261953557688,6.436000000000001
MAC000005,2013-01-15,0.049,0.029,0.03,0.028,0.03,0.027,0.029,0.028,0.027,0.028,0.031,0.028,0.028,0.029,0.028,0.092,0.417,0.157,0.1,0.032,0.032,0.03,0.034,0.159,0.174,0.045,0.152,0.182,0.113,0.079,0.037,0.13,0.028,0.028,0.055,0.465,0.681,0.223,0.271,0.388,0.129,0.094,0.076,0.165,0.368,0.17,0.131,0.051,1.6524261953557688,5.737000000000001
MAC000005,2013-01-16,0.03,0.029,0.03,0.03,0.03,0.03,0.029,0.031,0.03,0.029,0.033,0.029,0.029,0.03,0.03,0.028,0.04,0.282,0.132,0.091,0.098,0.065,0.028,0.028,0.027,0.029,0.287,0.097,0.092,0.096,0.537,0.096,0.05,0.179,0.344,0.611,0.363,0.219,0.142,0.409,0.193,0.174,0.177,0.17,0.391,0.199,0.109,0.129,1.6524261953557688,6.360999999999999
MAC000005,2013-01-17,0.027,0.03,0.027,0.028,0.029,0.028,0.029,0.027,0.032,0.028,0.025,0.028,0.025,0.058,0.109,0.257,0.284,0.247,0.134,0.05,0.026,0.026,0.027,0.027,0.027,0.876,0.183,0.141,0.043,0.027,0.028,0.028,0.027,0.027,0.077,0.574,0.294,0.226,0.167,0.158,0.062,0.036,0.037,0.036,0.04,0.299,0.103,0.104,1.6524261953557688,5.228
MAC000005,2013-01-18,0.129,0.059,0.026,0.026,0.027,0.026,0.026,0.026,0.026,0.026,0.026,0.025,0.025,0.03,0.027,0.027,0.024,0.046,0.311,0.174,0.101,0.108,0.103,0.245,0.128,0.421,0.188,0.131,0.129,0.13,0.129,0.131,0.201,0.131,0.088,0.104,0.51,0.797,0.262,0.163,0.166,0.145,0.112,0.134,0.381,0.177,0.193,0.08,1.6524261953557688,6.700000000000001
MAC000005,2013-01-19,0.027,0.028,0.027,0.028,0.028,0.027,0.028,0.028,0.027,0.027,0.03,0.026,0.027,0.028,0.029,0.03,0.047,0.217,0.284,0.154,0.143,0.124,0.125,0.126,0.127,0.265,0.127,0.669,0.594,0.215,0.08,0.088,0.279,0.096,0.095,0.094,0.197,0.367,0.161,0.141,0.13,0.099,0.087,0.348,0.104,0.068,0.071,0.028,1.6524261953557688,6.1949999999999985
MAC000005,2013-01-20,0.028,0.028,0.027,0.03,0.029,0.027,0.027,0.029,0.028,0.032,0.028,0.028,0.026,0.028,0.027,0.026,0.039,0.482,0.172,0.129,0.112,0.094,0.094,0.232,0.107,0.251,1.124,0.146,0.262,0.096,0.094,0.07,0.063,0.063,0.074,0.064,0.347,0.205,0.154,0.139,0.143,0.148,0.146,0.28,0.229,0.169,0.11,0.092,1.6524261953557688,6.377999999999998
MAC000005,2013-01-21,0.035,0.033,0.031,0.03,0.031,0.032,0.03,0.029,0.031,0.029,0.029,0.03,0.029,0.036,0.03,0.03,0.051,0.294,0.179,0.136,0.124,0.111,0.255,0.077,0.029,0.03,0.029,0.037,0.108,0.03,0.029,0.056,0.13,0.135,0.095,0.884,0.25,0.443,0.164,0.163,0.112,0.131,0.109,0.326,0.146,0.162,0.117,0.039,1.6524261953557688,5.475999999999999
MAC000005,2013-01-22,0.029,0.03,0.031,0.03,0.03,0.029,0.03,0.031,0.029,0.029,0.029,0.029,0.033,0.03,0.03,0.03,0.047,0.339,0.171,0.127,0.097,0.096,0.189,0.095,0.096,0.097,0.131,0.192,0.306,0.097,0.062,0.028,0.137,0.063,0.063,0.153,0.312,0.34,0.491,0.239,0.105,0.147,0.184,0.11,0.137,0.352,0.122,0.055,1.6524261953557688,5.659000000000001
MAC000005,2013-01-23,0.029,0.029,0.028,0.028,0.028,0.027,0.027,0.027,0.028,0.028,0.028,0.027,0.03,0.029,0.028,0.058,0.353,0.224,0.183,0.162,0.062,0.033,0.032,0.032,0.149,0.068,0.116,0.788,0.612,0.201,0.069,0.073,0.235,0.16,0.176,0.097,0.142,0.168,0.226,0.109,0.081,0.102,0.285,0.168,0.181,0.139,0.09,0.029,1.6524261953557688,6.024000000000002
MAC000005,2013-01-24,0.029,0.03,0.028,0.029,0.029,0.035,0.028,0.028,0.031,0.027,0.028,0.027,0.028,0.029,0.029,0.042,0.07,0.385,0.218,0.145,0.092,0.032,0.027,0.028,0.028,0.027,0.027,0.073,0.102,0.179,0.029,0.028,0.21,0.135,0.142,0.775,0.489,0.297,0.132,0.187,0.168,0.096,0.079,0.158,0.189,0.356,0.18,0.133,1.6524261953557688,5.693
MAC000005,2013-01-25,0.102,0.066,0.034,0.032,0.031,0.033,0.031,0.033,0.031,0.033,0.029,0.028,0.029,0.03,0.033,0.041,0.069,0.38,0.163,0.137,0.102,0.036,0.027,0.047,0.155,0.099,0.105,0.111,0.031,0.028,0.029,0.029,0.028,0.131,0.092,0.133,1.0779999,0.193,0.267,0.195,0.173,0.241,0.172,0.342,0.147,0.171,0.127,0.089,1.6524261953557688,5.742999900000001
MAC000005,2013-01-26,0.03,0.03,0.03,0.031,0.028,0.029,0.029,0.028,0.03,0.03,0.032,0.029,0.028,0.03,0.031,0.029,0.029,0.028,0.067,0.208,0.177,0.027,0.125,0.07,0.031,0.171,0.391,0.101,0.116,0.259,0.074,0.028,0.144,0.096,0.068,0.082,0.477,0.426,0.379,0.25,0.235,0.261,0.27,0.163,0.165,0.158,0.142,0.077,1.6524261953557688,5.769000000000001
MAC000005,2013-01-27,0.032,0.032,0.032,0.032,0.031,0.031,0.031,0.029,0.027,0.032,0.028,0.028,0.03,0.034,0.032,0.044,0.35,0.33,0.113,0.037,0.157,0.032,0.032,0.029,0.031,0.03,0.028,0.03,0.029,0.028,0.16,0.049,0.836,0.492,0.342,0.172,0.178,0.176,0.097,0.116,0.283,0.215,0.109,0.11,0.14,0.175,0.14,0.09,1.6524261953557688,5.641
MAC000005,2013-01-28,0.028,0.029,0.028,0.029,0.029,0.032,0.031,0.031,0.031,0.031,0.032,0.031,0.032,0.031,0.028,0.041,0.058,0.331,0.122,0.033,0.132,0.033,0.771,0.516,0.084,0.091,0.074,0.135,0.051,0.158,0.584,0.617,0.191,0.145,0.24,0.18,0.949,0.404,0.182,0.177,0.145,0.115,0.112,0.114,0.276,0.29,0.182,0.167,1.6524261953557688,8.153
MAC000005,2013-01-29,0.04,0.03,0.037,0.039,0.037,0.039,0.029,0.029,0.032,0.037,0.042,0.037,0.034,0.031,0.044,0.269,0.249,0.146,0.077,0.036,0.036,0.031,0.028,0.027,0.029,0.032,0.04,0.034,0.035,0.034,0.028,0.097,0.05,0.133,0.127,0.12,0.711,0.411,0.17,0.278,0.141,0.087,0.254,0.117,0.114,0.15,0.145,0.054,1.6524261953557688,4.827
MAC000005,2013-01-30,0.029,0.029,0.033,0.034,0.034,0.034,0.033,0.033,0.029,0.029,0.029,0.029,0.029,0.034,0.033,0.063,0.16,0.131,0.035,0.033,0.034,0.029,0.027,0.028,0.029,0.031,0.032,0.097,0.032,0.032,0.102,0.031,0.159,0.116,0.112,0.136,0.248,0.65,0.28,0.161,0.186,0.146,0.143,0.205,0.373,0.18,0.129,0.141,1.6524261953557688,4.761999999999999
MAC000005,2013-01-31,0.073,0.029,0.03,0.029,0.031,0.033,0.034,0.032,0.033,0.032,0.032,0.036,0.03,0.03,0.029,0.029,0.03,0.288,0.138,0.069,0.033,0.046,0.046,0.032,0.032,0.03,0.029,0.095,0.1,0.036,0.035,0.034,0.104,0.039,0.067,0.238,0.461,0.279,0.488,0.308,0.156,0.236,0.173,0.116,0.301,0.116,0.114,0.112,1.6524261953557688,4.922999999999999
MAC000005,2013-02-01,0.129,0.06,0.031,0.032,0.032,0.031,0.031,0.031,0.031,0.03,0.035,0.032,0.034,0.034,0.043,0.07,0.276,0.182,0.094,0.046,0.032,0.031,0.027,0.03,0.037,0.276,0.152,0.068,0.036,0.032,0.031,0.029,0.028,0.046,0.067,0.434,0.794,0.305,0.13,0.168,0.147,0.104,0.162,0.135,0.189,0.309,0.131,0.089,1.6524261953557688,5.303000000000002
MAC000005,2013-02-02,0.069,0.034,0.036,0.033,0.028,0.029,0.028,0.032,0.034,0.033,0.037,0.033,0.031,0.032,0.03,0.03,0.031,0.211,0.15,0.032,0.03,0.144,0.077,0.032,0.031,0.145,0.064,0.06,0.098,0.073,0.12,0.028,0.81,0.25,0.2,0.344,0.175,0.197,0.109,0.174,0.091,0.078,0.122,0.35,0.144,0.094,0.084,0.087,1.6524261953557688,5.184
MAC000005,2013-02-03,0.029,0.028,0.028,0.028,0.028,0.032,0.03,0.037,0.03,0.03,0.031,0.032,0.028,0.03,0.051,0.386,0.276,0.219,0.585,0.315,0.419,0.115,0.213,0.149,0.627,0.593,0.564,0.407,1.23,1.86,0.831,0.319,0.293,0.182,0.202,0.406,0.232,0.296,0.116,0.135,0.136,0.119,0.104,0.247,0.139,0.105,0.115,0.039,1.6524261953557688,12.445999999999996
MAC000005,2013-02-04,0.035,0.034,0.033,0.033,0.031,0.032,0.032,0.031,0.032,0.032,0.029,0.03,0.034,0.03,0.031,0.045,0.173,0.138,0.084,0.039,0.035,0.034,0.034,0.033,0.029,0.029,0.096,0.09,0.156,0.102,0.052,0.034,0.049,0.068,0.067,0.07,0.519,0.39,0.259,0.135,0.181,0.177,0.1,0.192,0.221,0.201,0.163,0.079,1.6524261953557688,4.553000000000001
MAC000005,2013-02-05,0.049,0.035,0.035,0.036,0.033,0.031,0.032,0.035,0.03,0.03,0.033,0.035,0.031,0.035,0.036,0.032,0.174,0.177,0.039,0.03,0.029,0.028,0.028,0.029,0.028,0.03,0.029,0.03,0.027,0.186,0.126,0.065,0.037,0.101,0.129,0.185,0.84,0.226,0.288,0.262,0.178,0.152,0.082,0.262,0.099,0.133,0.116,0.095,1.6524261953557688,4.7879999999999985
MAC000005,2013-02-06,0.06,0.033,0.033,0.032,0.031,0.033,0.03,0.031,0.031,0.031,0.033,0.03,0.027,0.029,0.029,0.057,0.37,0.195,0.085,0.032,0.03,0.029,0.03,0.031,0.03,0.03,0.028,0.03,0.033,0.199,0.098,0.141,0.092,0.151,0.128,0.45,0.507,0.211,0.233,0.214,0.371,0.232,0.23,0.323,0.244,0.348,0.141,0.045,1.6524261953557688,5.861000000000001
MAC000005,2013-02-07,0.032,0.033,0.031,0.03,0.029,0.029,0.028,0.028,0.03,0.032,0.029,0.031,0.029,0.031,0.03,0.031,0.032,0.383,0.097,0.034,0.027,0.028,0.034,0.034,0.034,0.036,0.033,0.08,0.103,0.115,0.105,0.096,0.069,0.068,0.068,0.198,0.517,0.385,0.161,0.455,0.117,0.113,0.114,0.27,0.212,0.207,0.176,0.109,1.6524261953557688,4.992999999999999
MAC000005,2013-02-08,0.08,0.032,0.034,0.032,0.032,0.031,0.032,0.031,0.029,0.026,0.025,0.026,0.033,0.033,0.031,0.051,0.195,0.13,0.072,0.028,0.026,0.026,0.029,0.032,0.029,0.03,0.163,0.034,0.03,0.033,0.03,0.054,0.13,0.076,0.209,0.196,0.361,0.884,0.247,0.16,0.197,0.17,0.181,0.156,0.111,0.184,0.126,0.084,1.6524261953557688,4.971000000000001
MAC000005,2013-02-09,0.052,0.03,0.025,0.025,0.029,0.032,0.032,0.035,0.03,0.031,0.031,0.028,0.026,0.025,0.029,0.051,0.178,0.2,0.115,0.065,0.099,0.053,0.023,0.168,0.18,0.152,0.669,0.383,0.243,0.069,0.088,0.14,0.078,0.03,0.07,0.086,0.231,0.348,0.248,0.225,0.175,0.173,0.164,0.119,0.112,0.288,0.122,0.117,1.6524261953557688,5.921999999999999
MAC000005,2013-02-10,0.081,0.033,0.034,0.032,0.032,0.032,0.033,0.031,0.03,0.029,0.029,0.029,0.029,0.037,0.033,0.052,0.286,0.281,0.125,0.063,0.198,0.035,0.029,0.029,0.03,0.026,0.025,0.025,0.026,0.027,0.032,0.233,0.13,0.471,0.155,0.183,0.142,0.167,0.094,0.1,0.102,0.193,0.168,0.354,0.178,0.117,0.105,0.059,1.6524261953557688,4.763999999999999
MAC000005,2013-02-11,0.032,0.031,0.031,0.027,0.027,0.026,0.026,0.029,0.03,0.034,0.031,0.029,0.03,0.031,0.032,0.051,0.287,0.169,0.104,0.036,0.033,0.106,0.067,0.199,0.084,0.185,0.09,0.033,0.039,0.029,0.033,0.154,0.069,0.081,0.263,0.47,0.974,0.294,0.187,0.115,0.035,0.034,0.036,0.038,0.042,0.049,0.274,0.129,1.6524261953557688,5.234999999999999
MAC000005,2013-02-12,0.06,0.023,0.027,0.028,0.033,0.03,0.03,0.031,0.03,0.026,0.023,0.024,0.027,0.028,0.028,0.055,0.054,0.313,0.172,0.114,0.171,0.097,0.094,0.092,0.1,0.08,0.092,0.14,0.191,0.187,0.1,0.043,0.033,0.062,0.064,0.162,0.93,0.226,0.305,0.164,0.227,0.2,0.123,0.141,0.142,0.372,0.205,0.114,1.6524261953557688,6.013000000000001
MAC000005,2013-02-13,0.038,0.035,0.034,0.035,0.034,0.033,0.027,0.026,0.028,0.033,0.033,0.032,0.032,0.037,0.033,0.048,0.31,0.137,0.066,0.037,0.035,0.032,0.029,0.029,0.028,0.028,0.1,0.024,0.026,0.136,0.156,0.14,0.054,0.296,0.464,0.263,0.157,0.036,0.035,0.037,0.038,0.039,0.039,0.04,0.049,0.373,0.142,0.097,1.6524261953557688,4.01
MAC000005,2013-02-14,0.028,0.027,0.027,0.027,0.027,0.027,0.028,0.026,0.027,0.027,0.027,0.027,0.029,0.028,0.027,0.043,0.189,0.26,0.1,0.028,0.029,0.03,0.031,0.03,0.03,0.03,0.023,0.132,0.116,0.033,0.074,0.048,0.133,0.127,0.12,0.065,1.29,0.349,0.168,0.182,0.175,0.163,0.075,0.262,0.232,0.181,0.145,0.106,1.6524261953557688,5.408000000000001
MAC000005,2013-02-15,0.104,0.027,0.033,0.033,0.034,0.031,0.033,0.031,0.027,0.025,0.029,0.026,0.031,0.033,0.031,0.032,0.031,0.026,0.371,0.093,0.039,0.033,0.032,0.032,0.033,0.03,0.146,0.027,0.033,0.033,0.031,0.031,0.097,0.07,0.132,0.858,0.375,0.313,0.132,0.14,0.08,0.097,0.195,0.162,0.225,0.076,0.135,0.072,1.6524261953557688,4.739999999999999
MAC000005,2013-02-16,0.033,0.032,0.031,0.031,0.029,0.028,0.027,0.028,0.027,0.027,0.031,0.029,0.03,0.03,0.031,0.051,0.387,0.138,0.039,0.035,0.159,0.031,0.028,0.027,0.025,0.027,0.03,0.029,0.029,0.029,0.029,0.029,0.028,0.029,0.028,0.039,0.294,0.446,0.314,0.172,0.179,0.16,0.134,0.409,0.179,0.11,0.07,0.049,1.6524261953557688,4.2059999999999995
MAC000005,2013-02-17,0.03,0.024,0.026,0.026,0.029,0.03,0.031,0.028,0.029,0.028,0.028,0.03,0.028,0.029,0.035,0.05,0.408,0.15,0.072,0.097,0.032,0.027,0.124,0.033,0.123,0.038,0.516,0.495,0.274,0.032,0.029,0.059,0.065,0.147,0.068,0.068,0.141,0.365,0.213,0.15,0.161,0.151,0.143,0.313,0.082,0.106,0.134,0.053,1.6524261953557688,5.35
MAC000005,2013-02-18,0.029,0.029,0.03,0.03,0.03,0.029,0.028,0.03,0.029,0.028,0.029,0.029,0.027,0.03,0.053,0.105,0.33,0.083,0.032,0.032,0.031,0.139,0.029,0.099,0.098,0.031,0.029,0.034,0.131,0.108,0.028,0.029,0.028,0.056,0.063,0.716,0.348,0.34,0.166,0.144,0.109,0.213,0.223,0.345,0.172,0.187,0.116,0.039,1.6524261953557688,5.092999999999998
MAC000005,2013-02-19,0.031,0.03,0.03,0.03,0.03,0.03,0.029,0.03,0.029,0.029,0.029,0.028,0.029,0.029,0.029,0.029,0.029,0.269,0.151,0.075,0.031,0.156,0.333,0.36,0.076,0.077,0.115,0.028,0.029,0.028,0.027,0.027,0.146,0.583,0.13,0.078,0.03,0.029,0.028,0.029,0.028,0.027,0.231,0.203,0.121,0.123,0.133,0.058,1.6524261953557688,4.2589999999999995
MAC000005,2013-02-20,0.029,0.029,0.029,0.029,0.028,0.028,0.028,0.028,0.027,0.028,0.028,0.027,0.028,0.034,0.03,0.052,0.354,0.173,0.106,0.05,0.066,0.039,0.031,0.03,0.03,0.03,0.03,0.032,0.136,0.03,0.094,0.122,0.033,0.291,0.202,0.093,0.949,0.443,0.167,0.147,0.139,0.141,0.188,0.187,0.311,0.173,0.15,0.1,1.6524261953557688,5.549
MAC000005,2013-02-21,0.032,0.032,0.032,0.031,0.032,0.032,0.029,0.029,0.029,0.028,0.029,0.029,0.031,0.034,0.031,0.03,0.029,0.363,0.146,0.084,0.1,0.122,0.101,0.03,0.028,0.027,0.029,0.028,0.029,0.028,0.176,0.073,0.096,0.164,0.036,0.614,0.287,0.355,0.165,0.156,0.069,0.035,0.037,0.036,0.038,0.297,0.109,0.108,1.6524261953557688,4.484999999999999
MAC000005,2013-02-22,0.127,0.055,0.027,0.027,0.027,0.026,0.026,0.031,0.029,0.03,0.03,0.027,0.026,0.027,0.027,0.027,0.025,0.195,0.22,0.152,0.106,0.071,0.114,0.032,0.133,0.094,0.056,0.088,0.192,0.101,0.116,0.082,0.116,0.133,0.116,0.148,1.006,0.302,0.174,0.437,0.244,0.102,0.131,0.173,0.174,0.359,0.099,0.116,1.6524261953557688,6.176000000000002
MAC000005,2013-02-23,0.086,0.039,0.028,0.028,0.029,0.027,0.03,0.03,0.031,0.031,0.03,0.027,0.031,0.027,0.029,0.045,0.1,0.252,0.133,0.061,0.029,0.121,0.03,0.152,0.095,0.139,0.572,0.176,0.098,0.093,0.032,0.096,0.091,0.101,0.186,0.504,0.293,0.214,0.144,0.143,0.141,0.138,0.194,0.275,0.258,0.192,0.112,0.097,1.6524261953557688,5.810000000000001
MAC000005,2013-02-24,0.028,0.032,0.031,0.03,0.029,0.029,0.03,0.029,0.028,0.029,0.029,0.028,0.028,0.029,0.032,0.031,0.027,0.03,0.468,0.137,0.066,0.107,0.026,0.027,0.026,0.026,0.027,0.027,0.026,0.028,0.163,0.125,0.226,0.106,0.424,0.184,0.152,0.171,0.147,0.178,0.203,0.204,0.172,0.16,0.327,0.171,0.131,0.057,1.6524261953557688,4.821000000000001
MAC000005,2013-02-25,0.028,0.028,0.028,0.028,0.028,0.027,0.028,0.029,0.029,0.03,0.029,0.028,0.03,0.03,0.033,0.044,0.305,0.162,0.206,0.096,0.094,0.652,0.527,0.128,0.147,0.184,0.334,0.102,0.196,0.273,0.135,0.046,0.132,0.033,0.053,0.689,0.429,0.245,0.169,0.22,0.173,0.137,0.122,0.148,0.262,0.354,0.127,0.134,1.6524261953557688,7.491000000000001
MAC000005,2013-02-26,0.047,0.031,0.029,0.03,0.03,0.03,0.029,0.032,0.028,0.028,0.029,0.027,0.029,0.029,0.049,0.072,0.401,0.18,0.217,0.071,0.029,0.029,0.028,0.029,0.03,0.027,0.03,0.099,0.033,0.045,0.031,0.029,0.029,0.148,0.052,0.229,0.646,0.326,0.161,0.194,0.179,0.15,0.34,0.153,0.149,0.178,0.158,0.107,1.6524261953557688,5.055999999999999
MAC000005,2013-02-27,0.051,0.031,0.03,0.031,0.03,0.033,0.032,0.033,0.038,0.031,0.032,0.031,0.032,0.032,0.031,0.031,0.226,0.232,0.136,0.115,0.098,0.03,0.031,0.029,0.03,0.03,0.029,0.1,0.03,0.031,0.143,0.117,0.029,0.083,0.03,0.026,0.029,0.027,0.164,0.291,0.12,0.038,0.038,0.09,0.311,0.144,0.097,0.112,1.6524261953557688,3.5649999999999995
MAC000005,2013-02-28,0.055,0.03,0.029,0.028,0.029,0.028,0.029,0.027,0.029,0.027,0.028,0.027,0.025,0.027,0.05,0.195,0.242,0.094,0.175,0.098,0.034,0.028,0.029,0.028,0.029,0.028,0.029,0.14,0.085,0.03,0.121,0.173,0.161,0.074,0.057,0.131,0.708,0.545,0.288,0.181,0.184,0.129,0.123,0.139,0.376,0.21,0.145,0.146,1.6524261953557688,5.623
MAC000005,2013-03-01,0.144,0.074,0.03,0.03,0.03,0.029,0.028,0.028,0.028,0.027,0.028,0.031,0.027,0.03,0.057,0.299,0.19,0.137,0.117,0.088,0.032,0.171,0.104,0.215,0.17,0.138,0.164,0.096,0.03,0.029,0.03,0.03,0.214,0.148,0.099,0.225,0.735,0.251,0.244,0.163,0.143,0.119,0.131,0.206,0.327,0.279,0.2,0.156,1.6524261953557688,6.301000000000001
MAC000005,2013-03-02,0.076,0.03,0.029,0.029,0.029,0.03,0.03,0.03,0.028,0.028,0.029,0.028,0.029,0.029,0.03,0.032,0.03,0.294,0.134,0.099,0.184,0.054,0.029,0.134,0.03,0.096,0.245,0.392,0.168,0.044,0.029,0.658,0.08,0.035,0.032,0.035,0.141,0.182,0.297,0.162,0.16,0.201,0.153,0.317,0.179,0.171,0.151,0.11,1.6524261953557688,5.542000000000001
MAC000005,2013-03-03,0.035,0.029,0.03,0.03,0.032,0.03,0.03,0.03,0.029,0.03,0.034,0.03,0.029,0.03,0.031,0.031,0.389,0.146,0.1,0.084,0.03,0.029,0.029,0.123,0.032,0.074,0.162,1.4,0.189,0.1,0.034,0.033,0.032,0.123,0.06,0.064,0.067,0.273,0.134,0.135,0.157,0.177,0.173,0.375,0.173,0.233,0.163,0.093,1.6524261953557688,5.876
MAC000005,2013-03-04,0.039,0.035,0.035,0.037,0.034,0.03,0.031,0.03,0.031,0.03,0.029,0.03,0.036,0.035,0.033,0.034,0.348,0.146,0.053,0.13,0.034,0.035,0.166,0.516,0.067,0.103,0.124,0.031,0.031,0.029,0.03,0.029,0.03,0.092,0.03,0.163,0.832,0.312,0.192,0.165,0.144,0.154,0.196,0.366,0.11,0.138,0.092,0.03,1.6524261953557688,5.446999999999999
MAC000005,2013-03-05,0.03,0.03,0.03,0.031,0.031,0.031,0.029,0.028,0.029,0.029,0.028,0.028,0.028,0.03,0.03,0.03,0.242,0.186,0.057,0.162,0.03,0.032,0.032,0.529,0.114,0.182,0.045,0.031,0.03,0.029,0.029,0.03,0.03,0.03,0.143,0.826,0.227,0.196,0.159,0.131,0.079,0.096,0.146,0.311,0.094,0.111,0.113,0.149,1.6524261953557688,5.0729999999999995
MAC000005,2013-03-06,0.081,0.031,0.029,0.029,0.029,0.03,0.028,0.029,0.032,0.029,0.029,0.028,0.029,0.031,0.032,0.032,0.313,0.153,0.088,0.033,0.033,0.034,0.033,0.032,0.032,0.032,0.031,0.034,0.036,0.158,0.085,0.792,0.322,0.067,0.377,0.427,0.994,0.259,0.17,0.154,0.099,0.089,0.08,0.181,0.185,0.111,0.141,0.113,1.6524261953557688,6.216000000000001
MAC000005,2013-03-07,0.056,0.032,0.031,0.029,0.03,0.03,0.032,0.029,0.03,0.03,0.029,0.03,0.033,0.033,0.031,0.033,0.03,0.322,0.138,0.139,0.033,0.032,0.031,0.032,0.031,0.031,0.036,0.102,0.104,0.032,0.168,0.137,0.123,0.097,0.127,0.35,0.672,0.337,0.201,0.167,0.156,0.081,0.107,0.284,0.108,0.107,0.115,0.088,1.6524261953557688,5.036000000000001
MAC000005,2013-03-08,0.033,0.034,0.032,0.033,0.033,0.032,0.032,0.032,0.032,0.033,0.029,0.028,0.028,0.029,0.057,0.259,0.22,0.203,0.072,0.055,0.065,0.033,0.027,0.155,0.189,0.349,0.143,0.033,0.033,0.037,0.07,0.048,0.032,0.03,0.045,0.161,0.251,0.765,0.245,0.131,0.132,0.202,0.114,0.107,0.245,0.137,0.087,0.088,1.6524261953557688,5.259999999999999
MAC000005,2013-03-09,0.089,0.032,0.031,0.032,0.031,0.03,0.029,0.033,0.032,0.03,0.031,0.029,0.029,0.031,0.031,0.03,0.248,0.192,0.074,0.033,0.032,0.14,0.166,0.166,0.541,0.534,0.056,0.066,0.099,0.066,0.127,0.033,0.032,0.031,0.064,0.068,0.446,0.172,0.153,0.089,0.075,0.075,0.074,0.076,0.101,0.106,0.14,0.227,1.6524261953557688,5.0520000000000005
MAC000005,2013-03-10,0.089,0.081,0.027,0.028,0.028,0.03,0.03,0.03,0.03,0.03,0.029,0.03,0.029,0.033,0.031,0.044,0.444,0.129,0.063,0.101,0.193,0.032,0.034,0.03,0.032,0.031,0.03,0.031,0.029,0.029,0.138,0.128,0.206,0.134,0.145,0.283,0.151,0.161,0.131,0.114,0.11,0.186,0.171,0.16,0.342,0.172,0.113,0.091,1.6524261953557688,4.742999999999999
MAC000005,2013-03-11,0.032,0.034,0.031,0.032,0.031,0.032,0.031,0.032,0.032,0.032,0.031,0.03,0.031,0.032,0.032,0.032,0.257,0.14,0.091,0.121,0.033,0.031,0.031,0.032,0.106,0.032,0.112,0.193,0.077,0.032,0.04,0.1,0.093,0.092,0.168,0.13,0.428,0.564,0.299,0.165,0.244,0.252,0.14,0.113,0.323,0.175,0.115,0.114,1.6524261953557688,5.3500000000000005
MAC000005,2013-03-12,0.088,0.041,0.031,0.031,0.031,0.03,0.031,0.028,0.029,0.029,0.029,0.03,0.028,0.031,0.031,0.029,0.257,0.152,0.085,0.033,0.03,0.123,0.027,0.029,0.029,0.028,0.155,0.03,0.077,0.029,0.027,0.127,0.028,0.066,0.095,0.092,0.127,0.134,0.434,0.437,0.286,0.147,0.111,0.274,0.086,0.106,0.102,0.112,1.6524261953557688,4.422000000000001
MAC000005,2013-03-13,0.036,0.029,0.028,0.028,0.028,0.032,0.029,0.027,0.028,0.027,0.028,0.027,0.028,0.029,0.028,0.028,0.297,0.162,0.072,0.029,0.033,0.028,0.028,0.03,0.028,0.028,0.028,0.033,0.033,0.168,0.172,0.09,0.333,0.317,0.353,0.46,0.275,0.194,0.251,0.164,0.15,0.092,0.103,0.107,0.359,0.175,0.118,0.107,1.6524261953557688,5.277
MAC000005,2013-03-14,0.037,0.029,0.029,0.029,0.029,0.028,0.028,0.029,0.028,0.029,0.028,0.028,0.029,0.031,0.031,0.031,0.287,0.155,0.09,0.031,0.027,0.027,0.027,0.027,0.027,0.027,0.028,0.129,0.067,0.062,0.152,0.031,0.306,0.589,0.208,0.263,0.242,0.242,0.211,0.225,0.28,0.274,0.275,0.282,0.453,0.3,0.361,0.154,1.6524261953557688,6.332
MAC000005,2013-03-15,0.089,0.029,0.029,0.03,0.028,0.03,0.031,0.033,0.032,0.029,0.028,0.027,0.029,0.028,0.029,0.267,0.163,0.1,0.033,0.034,0.034,0.2,0.147,0.068,0.067,0.449,0.206,0.073,0.031,0.03,0.03,0.03,0.03,0.131,0.03,0.038,0.929,0.398,0.273,0.179,0.128,0.071,0.273,0.073,0.07,0.07,0.173,0.171,1.6524261953557688,5.5
MAC000005,2013-03-16,0.142,0.044,0.029,0.028,0.029,0.028,0.03,0.028,0.03,0.037,0.031,0.031,0.03,0.029,0.031,0.03,0.296,0.141,0.067,0.091,0.054,0.029,0.031,0.207,0.115,0.662,0.306,0.097,0.089,0.181,0.097,0.043,0.032,0.094,0.141,0.127,0.236,0.138,0.043,0.039,0.12,0.31,0.174,0.09,0.24,0.1,0.182,0.102,1.6524261953557688,5.281000000000001
MAC000005,2013-03-17,0.04,0.032,0.031,0.03,0.032,0.031,0.03,0.03,0.031,0.035,0.03,0.029,0.029,0.031,0.031,0.031,0.029,0.394,0.14,0.213,0.096,0.03,0.134,0.238,0.675,0.576,0.797,0.886,0.53,0.243,0.387,0.257,0.159,0.135,0.09,0.072,0.264,0.162,0.155,0.107,0.085,0.115,0.106,0.308,0.11,0.112,0.135,0.085,1.6524261953557688,8.328000000000003
MAC000005,2013-03-18,0.033,0.034,0.032,0.033,0.032,0.03,0.03,0.031,0.029,0.029,0.029,0.032,0.03,0.031,0.032,0.031,0.301,0.133,0.076,0.331,0.684,0.068,0.036,0.086,0.052,0.111,0.033,0.033,0.031,0.126,0.03,0.179,0.328,0.465,0.484,1.648,0.306,0.306,0.189,0.141,0.137,0.135,0.258,0.11,0.165,0.141,0.142,0.081,1.6524261953557688,7.844
MAC000005,2013-03-19,0.032,0.032,0.032,0.032,0.031,0.031,0.032,0.03,0.031,0.031,0.029,0.029,0.033,0.059,0.094,0.07,0.331,0.176,0.131,0.156,0.034,0.032,0.033,0.031,0.056,0.098,0.087,0.139,0.032,0.031,0.029,0.097,0.143,0.065,0.031,0.029,0.399,0.426,0.356,0.237,0.186,0.132,0.105,0.295,0.085,0.109,0.099,0.13,1.6524261953557688,4.948
MAC000005,2013-03-20,0.035,0.031,0.031,0.032,0.032,0.035,0.029,0.03,0.03,0.03,0.029,0.028,0.029,0.031,0.031,0.031,0.03,0.358,0.098,0.062,0.033,0.033,0.034,0.032,0.033,0.031,0.031,0.11,0.13,0.08,0.034,0.148,0.099,0.082,0.067,0.188,0.628,0.303,0.148,0.363,0.234,0.167,0.295,0.133,0.12,0.11,0.112,0.091,1.6524261953557688,4.911000000000001
MAC000005,2013-03-21,0.096,0.055,0.034,0.033,0.032,0.032,0.032,0.031,0.029,0.029,0.028,0.029,0.029,0.031,0.032,0.33,0.146,0.102,0.1,0.033,0.032,0.031,0.033,0.032,0.031,0.031,0.132,0.06,0.153,0.031,0.155,0.099,0.317,0.525,0.134,0.062,0.031,0.031,0.028,0.029,0.028,0.029,0.036,0.295,0.188,0.154,0.109,0.122,1.6524261953557688,4.2010000000000005
MAC000005,2013-03-22,0.11,0.03,0.03,0.03,0.029,0.03,0.029,0.029,0.03,0.029,0.028,0.029,0.029,0.03,0.03,0.029,0.176,0.209,0.136,0.201,0.1,0.098,0.099,0.043,0.032,0.034,0.107,0.029,0.029,0.03,0.029,0.029,0.142,0.108,0.14,0.145,1.064,0.192,0.262,0.221,0.225,0.177,0.178,0.356,0.128,0.11,0.115,0.096,1.6524261953557688,5.591
MAC000005,2013-03-23,0.056,0.03,0.029,0.032,0.031,0.03,0.028,0.035,0.029,0.029,0.028,0.028,0.027,0.029,0.031,0.031,0.028,0.298,0.158,0.094,0.209,0.097,0.135,0.06,0.03,0.125,0.296,0.621,0.187,0.032,0.031,0.072,0.241,0.101,0.109,0.153,0.156,0.134,0.297,0.172,0.158,0.169,0.267,0.235,0.116,0.06,0.056,0.068,1.6524261953557688,5.468
MAC000005,2013-03-24,0.028,0.03,0.032,0.033,0.031,0.031,0.031,0.031,0.03,0.028,0.031,0.028,0.028,0.029,0.03,0.029,0.427,0.161,0.126,0.096,0.233,0.041,0.029,0.03,0.028,0.03,0.028,0.028,0.027,0.114,0.091,0.142,0.252,0.354,0.189,0.128,0.127,0.127,0.118,0.161,0.18,0.288,0.298,0.159,0.142,0.121,0.113,0.067,1.6524261953557688,4.935000000000001
MAC000005,2013-03-25,0.028,0.029,0.031,0.031,0.03,0.029,0.03,0.029,0.029,0.029,0.028,0.034,0.029,0.03,0.03,0.051,0.097,0.354,0.135,0.097,0.231,0.101,0.058,0.09,0.03,0.031,0.205,0.184,0.064,0.032,0.154,0.111,0.126,0.068,0.066,0.545,0.463,0.185,0.275,0.161,0.085,0.1,0.111,0.362,0.189,0.22,0.125,0.133,1.6524261953557688,5.685
MAC000005,2013-03-26,0.044,0.03,0.029,0.03,0.03,0.029,0.028,0.034,0.028,0.029,0.027,0.03,0.03,0.03,0.031,0.031,0.037,0.379,0.133,0.094,0.095,0.209,0.04,0.028,0.028,0.064,0.23,0.072,0.032,0.032,0.164,0.03,0.075,0.128,0.161,0.067,0.869,0.192,0.227,0.163,0.176,0.162,0.082,0.318,0.148,0.139,0.115,0.071,1.6524261953557688,5.25
MAC000005,2013-03-27,0.03,0.03,0.029,0.03,0.029,0.031,0.032,0.032,0.03,0.03,0.029,0.028,0.028,0.028,0.03,0.03,0.175,0.216,0.096,0.061,0.028,0.091,0.028,0.028,0.027,0.027,0.035,0.113,0.03,0.03,0.031,0.029,0.248,0.71,0.066,0.479,0.488,0.202,0.166,0.23,0.144,0.084,0.285,0.107,0.107,0.109,0.125,0.085,1.6524261953557688,5.156000000000001
MAC000005,2013-03-28,0.027,0.027,0.027,0.027,0.027,0.027,0.028,0.029,0.035,0.031,0.029,0.026,0.027,0.028,0.028,0.028,0.088,0.285,0.149,0.1,0.099,0.195,0.032,0.031,0.03,0.049,0.191,0.098,0.183,0.101,0.098,0.097,0.098,0.746,0.281,0.207,0.044,0.029,0.028,0.028,0.028,0.028,0.028,0.029,0.028,0.12,0.187,0.123,1.6524261953557688,4.309
MAC000005,2013-03-29,0.049,0.03,0.031,0.031,0.031,0.031,0.028,0.027,0.027,0.027,0.027,0.027,0.026,0.028,0.03,0.028,0.038,0.338,0.156,0.098,0.097,0.124,0.073,0.277,0.086,0.03,0.14,0.028,0.11,0.032,0.027,0.029,0.027,0.027,0.027,0.027,0.037,0.25,0.35,0.199,0.248,0.287,0.201,0.234,0.077,0.1,0.128,0.114,1.6524261953557688,4.494000000000001
MAC000005,2013-03-30,0.028,0.028,0.028,0.028,0.027,0.028,0.027,0.028,0.028,0.03,0.03,0.03,0.03,0.028,0.029,0.029,0.203,0.148,0.062,0.226,0.104,0.098,0.037,0.029,0.126,0.027,0.121,0.036,0.03,0.028,0.028,0.031,0.031,0.029,0.14,0.65,0.285,0.161,0.124,0.079,0.073,0.075,0.073,0.073,0.072,0.072,0.073,0.073,1.6524261953557688,3.8730000000000007
MAC000005,2013-03-31,0.073,0.196,0.175,0.049,0.029,0.029,0.029,0.03,0.03,0.028,0.028,0.028,0.029,0.031,0.049,0.462,0.146,0.044,0.161,0.029,0.028,0.027,0.027,0.027,0.027,0.027,0.028,0.028,0.238,0.094,0.188,0.096,0.096,0.301,0.277,0.155,0.161,0.093,0.103,0.22,0.201,0.208,0.321,0.172,0.113,0.104,0.083,0.033,1.6524261953557688,5.151000000000001
MAC000005,2013-04-01,0.032,0.029,0.032,0.051,0.03,0.03,0.03,0.029,0.03,0.034,0.033,0.042,0.031,0.031,0.03,0.029,0.028,0.074,0.448,0.1,0.099,0.099,0.101,0.098,0.28,1.1440001,0.168,0.101,0.458,0.58,0.215,0.102,0.111,0.119,0.101,0.131,0.134,0.44,0.138,0.109,0.114,0.118,0.158,0.143,0.185,0.078,0.032,0.031,1.6524261953557688,6.760000100000001
MAC000005,2013-04-02,0.031,0.032,0.032,0.032,0.031,0.032,0.031,0.032,0.032,0.031,0.031,0.031,0.063,0.101,0.078,0.271,0.1,0.102,0.101,0.168,0.042,0.408,0.263,0.092,0.055,0.13,0.082,0.044,0.053,0.032,0.032,0.031,0.03,0.031,0.512,0.298,0.236,0.082,0.088,0.09,0.148,0.341,0.14,0.113,0.107,0.107,0.107,0.059,1.6524261953557688,5.115000000000001
MAC000005,2013-04-03,0.029,0.029,0.028,0.028,0.029,0.029,0.029,0.03,0.032,0.029,0.03,0.029,0.062,0.1,0.069,0.237,0.101,0.096,0.041,0.028,0.028,0.029,0.027,0.027,0.031,0.031,0.176,0.1,0.139,0.033,0.043,0.226,0.133,1.122,0.149,0.271,0.166,0.096,0.097,0.086,0.088,0.328,0.151,0.124,0.131,0.115,0.06,0.032,1.6524261953557688,5.124
MAC000005,2013-04-04,0.031,0.03,0.03,0.03,0.029,0.03,0.029,0.029,0.028,0.028,0.028,0.028,0.06,0.097,0.221,0.098,0.091,0.03,0.037,0.239,0.521,0.05,0.138,0.168,0.164,0.033,0.054,0.177,0.047,0.029,0.028,0.029,0.028,0.122,0.601,0.29,0.16,0.109,0.17,0.177,0.18,0.358,0.156,0.173,0.145,0.112,0.073,0.032,1.6524261953557688,5.547
MAC000005,2013-04-06,0.031,0.03,0.029,0.03,0.03,0.031,0.035,0.03,0.031,0.029,0.029,0.028,0.061,0.097,0.065,0.267,0.139,0.096,0.096,0.033,0.03,0.125,0.105,0.036,0.683,0.327,0.103,0.035,0.035,0.132,0.037,0.144,0.124,0.033,0.03,0.031,0.03,0.029,0.117,0.303,0.11,0.088,0.277,0.177,0.101,0.089,0.073,0.03,1.6524261953557688,4.651000000000001
MAC000005,2013-04-07,0.03,0.029,0.029,0.029,0.029,0.03,0.029,0.031,0.031,0.03,0.031,0.03,0.065,0.1,0.07,0.439,0.143,0.099,0.1,0.162,0.03,0.03,0.031,0.03,0.03,0.03,0.031,0.031,0.03,0.031,0.028,0.028,0.027,0.028,0.028,0.076,0.216,0.167,0.161,0.186,0.204,0.177,0.317,0.111,0.102,0.111,0.097,0.037,1.6524261953557688,3.9410000000000007
MAC000005,2013-04-08,0.031,0.031,0.031,0.031,0.032,0.031,0.03,0.029,0.029,0.029,0.029,0.032,0.061,0.1,0.316,0.081,0.035,0.037,0.917,0.179,0.059,0.214,0.031,0.111,0.102,0.098,0.031,0.148,0.199,0.055,0.03,0.03,0.029,0.03,0.132,0.563,0.202,0.083,0.107,0.123,0.141,0.194,0.324,0.116,0.121,0.112,0.058,0.033,1.6524261953557688,5.567000000000001
MAC000005,2013-04-09,0.027,0.027,0.029,0.028,0.033,0.031,0.03,0.03,0.032,0.033,0.03,0.032,0.029,0.031,0.032,0.168,0.285,0.101,0.212,0.045,0.032,0.03,0.03,0.029,0.029,0.028,0.028,0.028,0.027,0.027,0.031,0.031,0.031,0.028,0.029,0.029,0.03,0.032,0.028,0.028,0.027,0.036,0.187,0.382,0.156,0.126,0.037,0.03,1.6524261953557688,2.8309999999999995
MAC000005,2013-04-10,0.031,0.031,0.032,0.03,0.031,0.03,0.028,0.026,0.027,0.026,0.03,0.032,0.032,0.033,0.216,0.131,0.129,0.029,0.026,0.027,0.027,0.027,0.027,0.027,0.027,0.033,0.032,0.197,0.075,0.118,0.03,0.03,0.621,0.366,0.193,0.188,0.128,0.124,0.07,0.101,0.274,0.175,0.161,0.108,0.141,0.098,0.06,0.032,1.6524261953557688,4.466999999999999
MAC000005,2013-04-11,0.035,0.032,0.032,0.032,0.03,0.031,0.036,0.029,0.03,0.031,0.03,0.03,0.031,0.032,0.338,0.14,0.184,0.146,0.108,0.036,0.032,0.031,0.031,0.032,0.03,0.03,0.031,0.029,0.168,0.096,0.143,0.035,0.15,0.109,0.758,0.227,0.167,0.15,0.089,0.084,0.114,0.109,0.347,0.163,0.112,0.112,0.129,0.049,1.6524261953557688,4.95
MAC000005,2013-04-12,0.031,0.032,0.032,0.031,0.033,0.032,0.03,0.032,0.031,0.033,0.029,0.031,0.03,0.031,0.031,0.303,0.066,0.131,0.038,0.031,0.03,0.03,0.032,0.031,0.233,0.1,0.038,0.033,0.382,0.123,0.034,0.033,0.032,0.201,0.331,0.384,0.168,0.116,0.107,0.11,0.146,0.268,0.208,0.122,0.082,0.079,0.038,0.035,1.6524261953557688,4.564
MAC000005,2013-04-13,0.034,0.035,0.034,0.033,0.033,0.034,0.033,0.033,0.032,0.029,0.029,0.03,0.031,0.269,0.169,0.037,0.138,0.032,0.032,0.031,0.031,0.365,0.207,0.03,0.031,0.327,0.228,0.031,0.03,0.12,0.032,0.029,0.028,0.027,0.45,0.457,0.341,0.167,0.266,0.165,0.186,0.173,0.286,0.161,0.078,0.052,0.035,0.035,1.6524261953557688,5.496
MAC000005,2013-04-14,0.035,0.034,0.033,0.033,0.034,0.033,0.032,0.032,0.032,0.031,0.031,0.033,0.034,0.033,0.237,0.67,0.068,0.03,0.143,0.034,0.034,0.034,0.034,0.032,0.033,0.031,0.029,0.028,0.157,0.028,0.12,0.034,0.034,0.032,0.164,0.043,0.03,0.041,0.069,0.12,0.124,0.185,0.211,0.112,0.093,0.113,0.068,0.028,1.6524261953557688,3.7030000000000003
MAC000005,2013-04-15,0.028,0.028,0.03,0.035,0.034,0.033,0.033,0.032,0.035,0.031,0.029,0.031,0.031,0.031,0.03,0.151,0.482,0.038,0.033,0.16,0.034,0.032,0.033,0.033,0.484,0.084,0.035,0.034,0.032,0.032,0.031,0.032,0.032,0.032,0.298,0.085,0.211,0.102,0.075,0.108,0.112,0.113,0.326,0.112,0.13,0.073,0.031,0.031,1.6524261953557688,4.101999999999999
MAC000005,2013-04-16,0.03,0.031,0.033,0.034,0.034,0.033,0.033,0.033,0.034,0.034,0.033,0.034,0.034,0.031,0.183,0.103,0.123,0.031,0.031,0.031,0.097,0.031,0.031,0.033,0.15,0.107,0.033,0.034,0.033,0.032,0.032,0.032,0.648,0.224,0.134,0.207,0.062,0.033,0.03,0.029,0.028,0.029,0.032,0.034,0.115,0.086,0.066,0.034,1.6524261953557688,3.3989999999999987
MAC000005,2013-04-17,0.034,0.032,0.028,0.029,0.029,0.032,0.035,0.034,0.034,0.034,0.034,0.028,0.029,0.029,0.157,0.098,0.072,0.061,0.034,0.034,0.029,0.026,0.027,0.032,0.031,0.041,0.115,0.035,0.029,0.127,0.098,0.035,0.035,0.035,0.078,0.628,0.213,0.243,0.095,0.262,0.109,0.15,0.229,0.12,0.132,0.092,0.049,0.033,1.6524261953557688,4.025
MAC000005,2013-04-18,0.03,0.031,0.03,0.03,0.032,0.033,0.036,0.038,0.032,0.032,0.031,0.035,0.032,0.033,0.155,0.063,0.034,0.034,0.037,0.177,0.037,0.07,0.033,0.028,0.028,0.029,0.029,0.029,0.033,0.034,0.031,0.033,0.032,0.031,0.034,0.064,0.209,0.056,0.027,0.03,0.031,0.031,0.26,0.11,0.113,0.111,0.106,0.049,1.6524261953557688,2.6629999999999994
MAC000005,2013-04-19,0.026,0.028,0.028,0.028,0.034,0.03,0.031,0.028,0.03,0.029,0.029,0.031,0.031,0.029,0.308,0.122,0.104,0.038,0.033,0.028,0.029,0.027,0.028,0.192,0.548,0.047,0.03,0.033,0.033,0.029,0.03,0.029,0.134,0.073,0.113,0.684,0.163,0.062,0.063,0.079,0.105,0.312,0.105,0.107,0.126,0.032,0.029,0.029,1.6524261953557688,4.316
MAC000005,2013-04-20,0.029,0.029,0.028,0.029,0.029,0.03,0.029,0.03,0.027,0.03,0.029,0.028,0.03,0.029,0.028,0.188,0.039,0.111,0.095,0.026,0.027,0.027,0.027,0.029,0.029,0.031,0.03,0.03,0.03,0.029,0.034,0.139,0.029,0.08,0.093,0.027,0.027,0.027,0.158,0.17,0.193,0.311,0.093,0.129,0.126,0.096,0.069,0.037,1.6524261953557688,3.019999999999999
MAC000005,2013-04-21,0.026,0.024,0.032,0.034,0.031,0.032,0.032,0.031,0.029,0.027,0.027,0.028,0.033,0.032,0.324,0.247,0.074,0.173,0.041,0.03,0.03,0.104,0.027,0.029,0.15,0.033,0.03,0.03,0.028,0.029,0.029,0.028,0.03,0.032,0.033,0.03,0.03,0.03,0.14,0.075,0.073,0.24,0.084,0.108,0.144,0.137,0.077,0.043,1.6524261953557688,3.1600000000000006
MAC000005,2013-04-22,0.029,0.03,0.031,0.03,0.031,0.032,0.03,0.03,0.029,0.03,0.032,0.032,0.034,0.033,0.243,0.099,0.032,0.145,0.034,0.034,0.04,0.472,0.149,0.042,0.034,0.192,0.033,0.032,0.031,0.03,0.03,0.03,0.03,0.227,0.173,0.222,0.125,0.12,0.07,0.073,0.106,0.146,0.292,0.107,0.125,0.057,0.031,0.032,1.6524261953557688,4.070999999999999
MAC000005,2013-04-23,0.032,0.031,0.031,0.03,0.031,0.032,0.031,0.031,0.032,0.029,0.027,0.029,0.032,0.17,0.339,0.114,0.054,0.035,0.034,0.136,0.034,0.034,0.033,0.034,0.127,0.058,0.031,0.031,0.034,0.033,0.034,0.034,0.033,0.037,0.59,0.294,0.062,0.064,0.05,0.07,0.07,0.432,0.083,0.142,0.154,0.06,0.037,0.036,1.6524261953557688,4.010999999999999
MAC000005,2013-04-24,0.036,0.032,0.03,0.029,0.03,0.036,0.034,0.034,0.033,0.034,0.034,0.035,0.031,0.138,0.09,0.036,0.036,0.034,0.034,0.035,0.102,0.031,0.03,0.038,0.03,0.07,0.064,0.138,0.086,0.032,0.032,0.032,0.032,0.033,0.038,0.036,0.034,0.034,0.031,0.073,0.07,0.143,0.322,0.147,0.102,0.048,0.032,0.033,1.6524261953557688,2.724
MAC000005,2013-04-25,0.034,0.034,0.033,0.035,0.033,0.03,0.03,0.03,0.029,0.034,0.033,0.035,0.038,0.165,0.05,0.116,0.336,0.092,0.197,0.156,0.149,0.256,0.112,0.032,0.035,0.037,0.036,0.038,0.519,0.122,0.119,0.032,0.147,0.037,0.04,0.187,0.106,0.069,0.056,0.072,0.082,0.116,0.3,0.112,0.125,0.265,0.075,0.035,1.6524261953557688,4.851
MAC000005,2013-04-26,0.034,0.036,0.035,0.031,0.031,0.031,0.031,0.031,0.032,0.034,0.035,0.035,0.036,0.036,0.034,0.18,0.056,0.031,0.034,0.032,0.034,0.032,0.033,0.033,0.032,0.035,0.032,0.032,0.031,0.031,0.032,0.146,0.069,0.236,0.628,0.196,0.066,0.038,0.038,0.052,0.098,0.099,0.121,0.754,0.117,0.161,0.096,0.035,1.6524261953557688,4.142
MAC000005,2013-04-27,0.033,0.038,0.032,0.034,0.032,0.034,0.033,0.033,0.032,0.033,0.03,0.031,0.031,0.031,0.03,0.25,0.074,0.14,0.03,0.032,0.034,0.034,0.123,0.774,0.672,0.139,0.035,0.031,0.032,0.034,0.158,0.034,0.035,0.034,0.035,0.046,0.067,0.067,0.243,0.136,0.14,0.13,0.296,0.11,0.109,0.084,0.034,0.034,1.6524261953557688,4.713000000000001
MAC000005,2013-04-28,0.032,0.029,0.029,0.028,0.028,0.033,0.033,0.032,0.033,0.032,0.032,0.033,0.034,0.033,0.074,0.377,0.033,0.154,0.083,0.036,0.033,0.032,0.033,0.033,0.031,0.029,0.028,0.027,0.115,0.244,0.256,0.032,0.033,0.033,0.071,0.072,0.466,0.461,0.258,0.111,0.134,0.111,0.308,0.113,0.14,0.157,0.038,0.033,1.6524261953557688,4.630000000000001
MAC000005,2013-04-29,0.028,0.027,0.025,0.029,0.029,0.033,0.033,0.029,0.032,0.03,0.061,0.194,0.082,0.142,0.029,0.03,0.03,0.641,0.313,0.061,0.048,0.084,0.036,0.211,0.033,0.031,0.028,0.029,0.032,0.033,0.032,0.031,0.032,0.032,0.219,0.329,0.18,0.079,0.063,0.063,0.071,0.078,0.27,0.122,0.131,0.125,0.035,0.031,1.6524261953557688,4.3660000000000005
MAC000005,2013-04-30,0.032,0.032,0.031,0.029,0.029,0.029,0.028,0.028,0.029,0.028,0.028,0.032,0.032,0.032,0.03,0.185,0.132,0.054,0.032,0.032,0.184,0.031,0.03,0.031,0.033,0.158,0.031,0.032,0.086,0.105,0.032,0.032,0.031,0.029,0.634,0.373,0.185,0.064,0.039,0.165,0.168,0.087,0.47,0.149,0.189,0.079,0.032,0.032,1.6524261953557688,4.3950000000000005
MAC000005,2013-05-01,0.029,0.028,0.028,0.028,0.028,0.033,0.031,0.033,0.033,0.03,0.033,0.032,0.032,0.033,0.032,0.183,0.028,0.029,0.029,0.03,0.029,0.029,0.028,0.029,0.03,0.03,0.03,0.03,0.148,0.062,0.031,0.031,0.03,0.03,0.263,0.09,0.16,0.065,0.066,0.09,0.1,0.08,0.272,0.11,0.106,0.111,0.039,0.03,1.6524261953557688,2.9110000000000005
MAC000005,2013-05-02,0.029,0.029,0.028,0.029,0.031,0.033,0.032,0.035,0.031,0.03,0.031,0.033,0.033,0.119,0.087,0.114,0.032,0.031,0.031,0.031,0.029,0.031,0.157,0.075,0.03,0.03,0.032,0.082,0.03,0.03,0.031,0.029,0.03,0.071,0.531,0.343,0.19,0.087,0.048,0.068,0.115,0.411,0.284,0.11,0.148,0.111,0.096,0.039,1.6524261953557688,4.117
MAC000005,2013-05-03,0.031,0.031,0.03,0.03,0.03,0.031,0.032,0.031,0.03,0.032,0.031,0.034,0.033,0.032,0.168,0.066,0.034,0.153,0.073,0.031,0.067,0.03,0.031,0.031,0.142,0.034,0.031,0.032,0.034,0.032,0.032,0.136,0.033,0.107,0.196,0.166,0.066,0.041,0.04,0.043,0.067,0.077,0.301,0.143,0.16,0.087,0.033,0.034,1.6524261953557688,3.189
MAC000005,2013-05-04,0.033,0.034,0.032,0.032,0.033,0.033,0.032,0.037,0.033,0.031,0.372,0.31,0.034,0.034,0.173,0.119,0.031,0.032,0.031,0.031,0.142,0.055,0.096,0.6,0.163,0.034,0.036,0.035,0.035,0.152,0.033,0.034,0.034,0.034,0.035,0.034,0.032,0.036,0.183,0.069,0.07,0.067,0.068,0.309,0.119,0.049,0.034,0.034,1.6524261953557688,4.118999999999999
MAC000005,2013-05-05,0.029,0.029,0.029,0.03,0.03,0.03,0.029,0.031,0.032,0.031,0.032,0.034,0.034,0.033,0.216,0.222,0.035,0.031,0.03,0.031,0.032,0.312,0.451,0.356,0.228,0.028,0.641,0.568,0.142,0.042,0.037,0.14,0.03,0.123,0.036,0.042,0.22,0.08,0.096,0.097,0.097,0.167,0.158,0.12,0.099,0.085,0.033,0.034,1.6524261953557688,5.492000000000002
MAC000005,2013-05-06,0.034,0.033,0.032,0.031,0.032,0.03,0.031,0.031,0.035,0.031,0.031,0.033,0.033,0.032,0.29,0.034,0.035,0.042,0.036,0.036,0.342,0.416,0.191,0.377,0.309,0.218,0.033,0.036,0.036,0.036,0.038,0.141,0.039,0.034,0.036,0.066,0.042,0.182,0.039,0.044,0.075,0.249,0.099,0.15,0.143,0.102,0.056,0.036,1.6524261953557688,4.487
MAC000005,2013-05-07,0.035,0.035,0.035,0.035,0.035,0.034,0.034,0.038,0.033,0.033,0.034,0.035,0.036,0.035,0.034,0.175,0.033,0.132,0.059,0.091,0.031,0.032,0.032,0.035,0.035,0.133,0.068,0.037,0.032,0.032,0.031,0.031,0.032,0.036,0.038,0.262,0.558,0.163,0.065,0.039,0.305,0.167,0.184,0.199,0.128,0.09,0.036,0.035,1.6524261953557688,3.8770000000000002
MAC000005,2013-05-08,0.036,0.034,0.033,0.032,0.033,0.032,0.032,0.033,0.036,0.032,0.032,0.035,0.168,0.1,0.148,0.037,0.034,0.034,0.034,0.033,0.034,0.034,0.033,0.033,0.034,0.033,0.034,0.033,0.034,0.034,0.034,0.033,0.034,0.032,0.035,0.035,0.032,0.033,0.031,0.05,0.196,0.085,0.124,0.144,0.128,0.045,0.032,0.031,1.6524261953557688,2.458
MAC000005,2013-05-09,0.032,0.031,0.033,0.033,0.033,0.032,0.032,0.032,0.032,0.032,0.033,0.032,0.036,0.032,0.165,0.059,0.157,0.045,0.035,0.033,0.118,0.035,0.033,0.034,0.074,0.096,0.157,0.034,0.046,0.035,0.032,0.033,0.032,0.032,0.229,0.356,0.169,0.069,0.066,0.102,0.074,0.111,0.142,0.335,0.116,0.113,0.111,0.055,1.6524261953557688,3.7880000000000003
MAC000005,2013-05-10,0.032,0.033,0.031,0.033,0.032,0.032,0.032,0.036,0.032,0.032,0.035,0.036,0.037,0.037,0.032,0.158,0.067,0.034,0.029,0.03,0.146,0.03,0.029,0.032,0.099,0.069,0.035,0.037,0.035,0.034,0.15,0.034,0.033,0.032,0.036,0.267,0.18,0.069,0.039,0.037,0.088,0.082,0.263,0.112,0.085,0.098,0.034,0.032,1.6524261953557688,3.0369999999999995
MAC000005,2013-05-11,0.032,0.032,0.031,0.031,0.031,0.032,0.031,0.031,0.031,0.032,0.032,0.033,0.033,0.033,0.03,0.179,0.035,0.032,0.031,0.03,0.145,0.139,0.031,0.033,0.2,0.286,0.118,0.035,0.034,0.166,0.033,0.031,0.031,0.03,0.033,0.034,0.198,0.037,0.057,0.072,0.084,0.254,0.127,0.13,0.111,0.092,0.042,0.033,1.6524261953557688,3.3979999999999992
MAC000005,2013-05-12,0.032,0.031,0.03,0.03,0.034,0.03,0.029,0.03,0.029,0.03,0.03,0.106,0.421,0.035,0.401,0.03,0.104,0.03,0.125,0.032,0.031,0.031,0.029,0.031,0.031,0.031,0.03,0.032,0.028,0.136,0.086,0.262,0.044,0.033,0.098,0.243,0.142,0.094,0.073,0.077,0.079,0.072,0.255,0.211,0.106,0.119,0.11,0.033,1.6524261953557688,4.1659999999999995
MAC000005,2013-05-13,0.031,0.029,0.03,0.03,0.029,0.029,0.029,0.03,0.029,0.029,0.03,0.031,0.032,0.032,0.029,0.33,0.038,0.131,0.033,0.037,0.033,0.032,0.772,0.081,0.151,0.087,0.035,0.061,0.204,0.143,0.049,0.301,0.052,0.133,0.036,0.035,0.034,0.033,0.032,0.032,0.031,0.03,0.031,0.225,0.178,0.098,0.044,0.031,1.6524261953557688,4.022
MAC000005,2013-05-14,0.031,0.03,0.03,0.031,0.03,0.029,0.03,0.029,0.03,0.03,0.029,0.032,0.031,0.031,0.036,0.298,0.037,0.032,0.406,0.228,0.062,0.191,0.029,0.03,0.127,0.09,0.033,0.031,0.031,0.031,0.138,0.03,0.03,0.08,0.274,0.32,0.105,0.38,0.471,0.254,0.237,0.109,0.216,0.183,0.122,0.126,0.048,0.035,1.6524261953557688,5.273000000000001
MAC000005,2013-05-15,0.034,0.034,0.034,0.032,0.033,0.032,0.028,0.029,0.028,0.028,0.032,0.034,0.036,0.032,0.176,0.032,0.032,0.032,0.124,0.03,0.027,0.028,0.027,0.027,0.032,0.03,0.177,0.091,0.034,0.033,0.515,0.329,0.128,0.029,0.029,0.06,0.063,0.035,0.044,0.084,0.121,0.113,0.132,0.262,0.099,0.093,0.097,0.045,1.6524261953557688,3.656000000000001
MAC000005,2013-05-16,0.029,0.031,0.031,0.032,0.032,0.031,0.032,0.031,0.031,0.032,0.032,0.033,0.033,0.033,0.033,0.172,0.139,0.027,0.027,0.028,0.027,0.027,0.113,0.062,0.114,0.072,0.034,0.033,0.033,0.031,0.03,0.032,0.029,0.029,0.034,0.175,0.208,0.058,0.036,0.032,0.03,0.03,0.293,0.113,0.18,0.114,0.129,0.055,1.6524261953557688,3.0220000000000002
MAC000005,2013-05-17,0.028,0.028,0.03,0.032,0.03,0.029,0.032,0.035,0.029,0.031,0.029,0.03,0.033,0.456,0.033,0.169,0.028,0.126,0.031,0.03,0.03,0.029,0.104,0.029,0.03,0.03,0.033,0.036,0.031,0.033,0.098,0.126,0.029,0.03,0.138,0.177,0.23,0.096,0.091,0.128,0.158,0.201,0.437,0.148,0.124,0.094,0.033,0.03,1.6524261953557688,4.022
MAC000005,2013-05-18,0.029,0.029,0.029,0.03,0.029,0.028,0.032,0.034,0.031,0.031,0.031,0.031,0.033,0.334,0.107,0.123,0.048,0.036,0.038,0.033,0.03,0.029,0.029,0.027,0.028,0.029,0.033,0.031,0.032,0.031,0.03,0.032,0.03,0.026,0.027,0.027,0.026,0.028,0.03,0.03,0.038,0.049,0.05,0.053,0.041,0.03,0.029,0.03,1.6524261953557688,2.0209999999999995
MAC000005,2013-05-19,0.028,0.029,0.03,0.027,0.028,0.027,0.027,0.028,0.027,0.029,0.029,0.028,0.029,0.029,0.029,0.028,0.029,0.029,0.028,0.028,0.029,0.028,0.029,0.029,0.029,0.029,0.029,0.03,0.03,0.03,0.03,0.03,0.029,0.029,0.029,0.029,0.029,0.029,0.029,0.028,0.036,0.047,0.05,0.049,0.041,0.028,0.029,0.029,1.6524261953557688,1.458
MAC000005,2013-05-20,0.029,0.029,0.029,0.029,0.029,0.031,0.028,0.031,0.029,0.03,0.031,0.028,0.03,0.03,0.028,0.029,0.029,0.029,0.03,0.029,0.031,0.031,0.03,0.029,0.028,0.028,0.027,0.029,0.028,0.031,0.028,0.027,0.029,0.031,0.027,0.029,0.027,0.028,0.027,0.028,0.039,0.047,0.051,0.048,0.041,0.03,0.032,0.031,1.6524261953557688,1.479
MAC000005,2013-05-21,0.03,0.03,0.028,0.028,0.028,0.027,0.03,0.027,0.027,0.028,0.031,0.031,0.031,0.03,0.031,0.031,0.029,0.027,0.028,0.028,0.03,0.029,0.027,0.028,0.027,0.028,0.031,0.031,0.032,0.032,0.029,0.032,0.028,0.026,0.03,0.026,0.03,0.029,0.027,0.027,0.037,0.05,0.049,0.05,0.04,0.03,0.03,0.029,1.6524261953557688,1.4740000000000004
MAC000005,2013-05-22,0.03,0.031,0.029,0.031,0.031,0.03,0.028,0.029,0.031,0.029,0.028,0.031,0.027,0.027,0.03,0.028,0.028,0.03,0.029,0.029,0.028,0.028,0.029,0.028,0.029,0.027,0.027,0.028,0.03,0.028,0.03,0.028,0.027,0.028,0.027,0.03,0.027,0.142,0.152,0.468,0.042,0.067,0.166,0.231,0.106,0.046,0.028,0.031,1.6524261953557688,2.544
MAC000005,2013-05-23,0.028,0.032,0.028,0.063,0.083,0.079,0.081,0.08,0.081,0.079,0.079,0.082,0.083,0.083,0.063,0.147,0.054,0.034,0.068,0.097,0.066,0.034,0.033,0.443,0.138,0.07,0.032,0.031,0.032,0.032,0.137,0.032,0.031,0.033,0.039,0.76,0.18,0.062,0.046,0.036,0.123,0.15,0.324,0.144,0.149,0.265,0.079,0.028,1.6524261953557688,4.952999999999999
MAC000005,2013-05-24,0.03,0.03,0.03,0.03,0.031,0.03,0.029,0.029,0.028,0.028,0.028,0.031,0.031,0.03,0.03,0.17,0.03,0.146,0.033,0.032,0.028,0.029,0.03,0.029,0.03,0.03,0.029,0.03,0.03,0.033,0.031,0.604,0.429,0.24,0.198,0.15,0.034,0.031,0.031,0.495,0.502,0.283,0.28,0.221,0.169,0.109,0.132,0.053,1.6524261953557688,5.146
MAC000005,2013-05-25,0.033,0.032,0.03,0.032,0.031,0.032,0.031,0.031,0.031,0.031,0.03,0.032,0.71,0.504,0.484,0.35,0.036,0.03,0.029,0.03,0.171,0.282,0.611,1.75,0.331,0.161,0.114,0.038,0.034,0.033,0.032,0.102,0.036,0.102,0.048,0.039,0.05,0.187,0.062,0.068,0.062,0.197,0.137,0.111,0.142,0.043,0.028,0.028,1.6524261953557688,7.547999999999999
MAC000005,2013-05-26,0.027,0.03,0.034,0.034,0.032,0.032,0.033,0.026,0.027,0.027,0.03,0.034,0.033,0.032,0.033,0.034,0.382,0.036,0.075,0.029,0.027,0.028,0.027,0.028,0.031,0.032,0.032,0.032,0.032,0.106,0.092,0.125,0.027,0.028,0.036,0.036,0.165,0.062,0.095,0.103,0.075,0.072,0.188,0.267,0.112,0.121,0.081,0.033,1.6524261953557688,3.113000000000001
MAC000005,2013-05-27,0.033,0.033,0.031,0.03,0.03,0.033,0.028,0.028,0.029,0.031,0.031,0.032,0.034,0.033,0.033,0.389,0.038,0.032,0.298,0.189,0.032,0.133,0.033,0.03,0.029,0.029,0.17,0.229,0.158,0.079,0.034,0.034,0.033,0.385,0.04,0.066,0.038,0.173,0.066,0.066,0.071,0.088,0.237,0.13,0.114,0.083,0.08,0.077,1.6524261953557688,4.151999999999999
MAC000005,2013-05-28,0.034,0.033,0.034,0.033,0.038,0.033,0.03,0.03,0.029,0.029,0.029,0.03,0.035,0.035,0.033,0.19,0.044,0.032,0.033,0.031,0.03,0.031,0.033,0.035,0.168,0.046,0.068,0.03,0.088,0.03,0.116,0.037,0.037,0.055,0.511,0.582,0.077,0.149,0.044,0.055,0.073,0.099,0.314,0.112,0.15,0.093,0.049,0.033,1.6524261953557688,3.960000000000001
MAC000005,2013-05-29,0.032,0.032,0.032,0.032,0.033,0.037,0.035,0.032,0.029,0.029,0.029,0.061,0.509,0.035,0.173,0.037,0.036,0.027,0.026,0.028,0.032,0.031,0.032,0.042,0.031,0.026,0.11,0.033,0.153,0.036,0.033,0.311,0.353,0.427,0.178,0.096,0.097,0.1,0.07,0.07,0.064,0.102,0.266,0.096,0.138,0.095,0.086,0.034,1.6524261953557688,4.425999999999999
MAC000005,2013-05-30,0.031,0.032,0.031,0.031,0.032,0.028,0.028,0.027,0.028,0.027,0.031,0.033,0.035,0.035,0.29,0.094,0.033,0.135,0.029,0.03,0.097,0.033,0.033,0.033,0.033,0.1,0.03,0.026,0.028,0.032,0.033,0.033,0.031,0.143,0.468,0.059,0.165,0.067,0.056,0.072,0.072,0.072,0.275,0.113,0.103,0.027,0.033,0.033,1.6524261953557688,3.3400000000000003
MAC000005,2013-05-31,0.032,0.032,0.033,0.032,0.029,0.026,0.026,0.03,0.037,0.035,0.032,0.035,0.03,0.028,0.026,0.032,0.183,0.038,0.039,0.034,0.083,0.026,0.033,0.09,0.111,0.069,0.027,0.033,0.036,0.036,0.035,0.033,0.028,0.027,0.107,0.678,0.243,0.195,0.037,0.031,0.048,0.048,0.211,0.158,0.159,0.098,0.031,0.028,1.6524261953557688,3.5279999999999996
MAC000005,2013-06-01,0.033,0.038,0.035,0.036,0.026,0.026,0.034,0.035,0.036,0.034,0.032,0.028,0.029,0.048,0.175,0.128,0.028,0.147,0.038,0.034,0.036,0.035,0.033,0.027,0.028,0.027,0.032,0.035,0.034,0.034,0.034,0.03,0.028,0.029,0.03,0.034,0.033,0.035,0.034,0.041,0.064,0.176,0.172,0.077,0.062,0.057,0.044,0.026,1.6524261953557688,2.346999999999999
MAC000005,2013-06-02,0.033,0.033,0.032,0.032,0.028,0.024,0.025,0.032,0.032,0.033,0.036,0.034,0.031,0.027,0.356,0.069,0.04,0.034,0.03,0.026,0.138,0.032,0.036,0.096,0.029,0.115,0.037,0.036,0.037,1.0650001,0.103,0.045,0.04,0.036,0.039,0.038,0.03,0.028,0.028,0.034,0.036,0.057,0.297,0.103,0.133,0.104,0.05,0.037,1.6524261953557688,3.8460001
MAC000005,2013-06-03,0.035,0.037,0.036,0.035,0.031,0.03,0.03,0.03,0.034,0.035,0.036,0.036,0.038,0.037,0.037,0.172,0.12,0.391,0.054,0.105,0.037,0.036,0.081,0.092,0.034,0.106,0.038,0.037,0.036,0.037,0.034,0.031,0.03,0.075,0.259,0.217,0.157,0.098,0.069,0.053,0.077,0.101,0.116,0.297,0.091,0.104,0.034,0.036,1.6524261953557688,3.7720000000000002
MAC000005,2013-06-04,0.034,0.034,0.033,0.035,0.034,0.033,0.03,0.03,0.03,0.03,0.029,0.031,0.037,0.035,0.183,0.037,0.036,0.029,0.028,0.03,0.032,0.035,0.045,0.145,0.035,0.104,0.031,0.031,0.032,0.035,0.035,0.035,0.035,0.034,0.417,0.585,0.171,0.069,0.071,0.041,0.073,0.076,0.242,0.23,0.149,0.099,0.031,0.031,1.6524261953557688,3.7470000000000003
MAC000005,2013-06-05,0.03,0.031,0.034,0.035,0.034,0.035,0.034,0.034,0.034,0.035,0.031,0.032,0.032,0.031,0.176,0.043,0.036,0.036,0.032,0.032,0.031,0.032,0.031,0.033,0.035,0.037,0.092,0.151,0.037,0.086,0.032,0.031,0.032,0.065,0.262,0.18,0.065,0.05,0.044,0.069,0.07,0.081,0.248,0.099,0.102,0.134,0.13,0.043,1.6524261953557688,3.1189999999999998
MAC000005,2013-06-06,0.037,0.035,0.034,0.032,0.031,0.03,0.031,0.035,0.035,0.034,0.035,0.037,0.037,0.032,0.168,0.035,0.038,0.035,0.036,0.183,0.131,0.035,0.032,0.035,0.166,0.05,0.04,0.121,0.077,0.131,0.168,0.072,0.039,0.041,0.039,0.133,0.486,0.096,0.151,0.036,0.04,0.093,0.162,0.146,0.315,0.111,0.106,0.036,1.6524261953557688,4.058
MAC000005,2013-06-07,0.038,0.038,0.036,0.037,0.036,0.031,0.035,0.031,0.031,0.033,0.036,0.038,0.038,0.038,0.187,0.097,0.03,0.03,0.035,0.038,0.036,0.037,0.034,0.033,0.146,0.038,0.039,0.038,0.124,0.063,0.032,0.036,0.036,0.037,0.476,0.431,0.195,0.035,0.03,0.038,0.038,0.038,0.052,0.166,0.205,0.093,0.107,0.039,1.6524261953557688,3.585
MAC000005,2013-06-08,0.033,0.031,0.032,0.035,0.038,0.039,0.037,0.035,0.029,0.029,0.03,0.038,0.039,0.037,0.035,0.178,0.037,0.031,0.136,0.033,0.03,0.035,0.045,0.041,0.093,0.031,0.03,0.039,0.037,0.039,0.037,0.029,0.03,0.062,0.034,0.032,0.035,0.183,0.044,0.036,0.072,0.12,0.237,0.108,0.146,0.048,0.031,0.032,1.6524261953557688,2.668
MAC000005,2013-06-09,0.031,0.032,0.041,0.037,0.037,0.036,0.036,0.032,0.03,0.03,0.03,0.032,0.038,0.037,0.36,0.073,0.037,0.123,0.034,0.029,0.033,0.035,0.034,0.035,0.034,0.035,0.032,0.03,0.029,0.03,0.029,0.034,0.034,0.033,0.036,0.154,0.096,0.03,0.029,0.029,0.036,0.068,0.248,0.093,0.1,0.133,0.058,0.031,1.6524261953557688,2.7329999999999997
MAC000005,2013-06-10,0.032,0.034,0.034,0.039,0.034,0.033,0.034,0.033,0.033,0.029,0.029,0.03,0.031,0.033,0.038,0.173,0.034,0.125,0.032,0.031,0.491,0.837,0.105,0.07,0.174,0.037,0.043,0.103,0.129,0.064,0.031,0.031,0.033,0.035,0.076,0.065,0.201,0.187,0.062,0.035,0.041,0.085,0.271,0.112,0.131,0.062,0.033,0.034,1.6524261953557688,4.469000000000001
MAC000005,2013-06-11,0.034,0.034,0.033,0.036,0.03,0.03,0.03,0.03,0.03,0.029,0.034,0.034,0.034,0.034,0.168,0.058,0.209,0.033,0.033,0.033,0.03,0.039,0.542,0.088,0.231,0.189,0.121,0.034,0.034,0.032,0.031,0.031,0.031,0.042,0.095,0.218,0.542,0.186,0.033,0.038,0.075,0.174,0.116,0.303,0.13,0.093,0.092,0.093,1.6524261953557688,4.649
MAC000005,2013-06-12,0.037,0.036,0.035,0.035,0.036,0.03,0.034,0.031,0.03,0.033,0.036,0.036,0.037,0.036,0.14,0.109,0.056,0.03,0.03,0.165,0.038,0.038,0.035,0.03,0.03,0.031,0.168,0.046,0.038,0.115,0.03,0.032,0.038,0.037,0.097,0.57,0.306,0.124,0.11,0.103,0.158,0.181,0.139,0.386,0.194,0.223,0.158,0.056,1.6524261953557688,4.523000000000001
MAC000005,2013-06-13,0.033,0.034,0.033,0.034,0.038,0.033,0.033,0.033,0.034,0.033,0.035,0.35,0.045,0.043,0.193,0.052,0.044,0.161,0.036,0.035,0.039,0.037,0.038,0.035,0.036,0.036,0.035,0.035,0.034,0.033,0.033,0.032,0.032,0.032,0.032,0.032,0.032,0.032,0.032,0.032,0.032,0.041,0.052,0.053,0.032,0.033,0.032,0.033,1.6524261953557688,2.319
MAC000005,2013-06-14,0.032,0.033,0.033,0.033,0.034,0.031,0.032,0.031,0.031,0.031,0.031,0.031,0.032,0.031,0.032,0.031,0.031,0.032,0.031,0.031,0.031,0.031,0.032,0.029,0.032,0.032,0.033,0.034,0.033,0.033,0.032,0.031,0.031,0.03,0.03,0.031,0.029,0.03,0.03,0.031,0.031,0.04,0.051,0.053,0.033,0.032,0.032,0.032,1.6524261953557688,1.5630000000000002
MAC000005,2013-06-15,0.033,0.033,0.032,0.033,0.029,0.03,0.031,0.032,0.031,0.029,0.03,0.034,0.034,0.034,0.034,0.03,0.029,0.03,0.029,0.03,0.03,0.032,0.035,0.033,0.033,0.03,0.029,0.03,0.031,0.032,0.029,0.032,0.035,0.035,0.03,0.03,0.03,0.03,0.029,0.031,0.031,0.043,0.054,0.055,0.035,0.032,0.028,0.029,1.6524261953557688,1.56
MAC000005,2013-06-16,0.03,0.029,0.033,0.034,0.035,0.033,0.029,0.029,0.029,0.031,0.03,0.032,0.034,0.034,0.034,0.029,0.028,0.029,0.029,0.034,0.035,0.034,0.027,0.03,0.028,0.029,0.035,0.035,0.034,0.031,0.029,0.03,0.03,0.03,0.033,0.035,0.034,0.032,0.029,0.028,0.029,0.041,0.055,0.055,0.03,0.027,0.029,0.033,1.6524261953557688,1.552
MAC000005,2013-06-17,0.037,0.033,0.029,0.028,0.028,0.036,0.035,0.031,0.029,0.028,0.029,0.036,0.037,0.028,0.028,0.028,0.031,0.036,0.033,0.029,0.028,0.029,0.034,0.036,0.034,0.029,0.03,0.029,0.032,0.037,0.035,0.03,0.029,0.028,0.03,0.037,0.034,0.028,0.029,0.028,0.035,0.046,0.05,0.049,0.03,0.03,0.035,0.036,1.6524261953557688,1.5660000000000003
MAC000005,2013-06-18,0.033,0.03,0.028,0.029,0.033,0.037,0.032,0.029,0.029,0.034,0.036,0.033,0.029,0.029,0.029,0.037,0.037,0.028,0.029,0.029,0.035,0.037,0.033,0.029,0.029,0.03,0.036,0.037,0.03,0.029,0.029,0.033,0.036,0.035,0.029,0.029,0.03,0.031,0.036,0.036,0.028,0.038,0.049,0.057,0.037,0.029,0.029,0.028,1.6524261953557688,1.574
MAC000005,2013-06-19,0.038,0.036,0.03,0.029,0.029,0.036,0.038,0.033,0.029,0.03,0.03,0.035,0.036,0.035,0.03,0.031,0.03,0.031,0.035,0.038,0.036,0.031,0.031,0.03,0.032,0.031,0.037,0.037,0.03,0.029,0.032,0.038,0.036,0.029,0.029,0.034,0.039,0.03,0.03,0.028,0.037,0.047,0.05,0.052,0.029,0.037,0.038,0.034,1.6524261953557688,1.6320000000000003
MAC000005,2013-06-20,0.03,0.03,0.031,0.036,0.038,0.037,0.033,0.033,0.03,0.032,0.031,0.037,0.036,0.037,0.036,0.031,0.031,0.029,0.037,0.038,0.033,0.03,0.03,0.039,0.038,0.03,0.031,0.033,0.039,0.037,0.03,0.03,0.034,0.039,0.035,0.03,0.03,0.035,0.038,0.033,0.029,0.04,0.06,0.059,0.032,0.031,0.03,0.036,1.6524261953557688,1.6640000000000001
MAC000005,2013-06-21,0.039,0.035,0.031,0.031,0.032,0.035,0.038,0.038,0.032,0.031,0.03,0.033,0.037,0.037,0.033,0.031,0.03,0.031,0.038,0.037,0.033,0.031,0.03,0.031,0.038,0.037,0.037,0.031,0.031,0.031,0.032,0.037,0.037,0.036,0.03,0.03,0.032,0.039,0.035,0.031,0.03,0.04,0.055,0.057,0.036,0.03,0.03,0.031,1.6524261953557688,1.6570000000000003
MAC000005,2013-06-22,0.037,0.038,0.035,0.031,0.03,0.031,0.038,0.038,0.032,0.031,0.029,0.036,0.038,0.032,0.03,0.03,0.035,0.038,0.034,0.03,0.03,0.03,0.037,0.037,0.036,0.031,0.029,0.03,0.036,0.037,0.036,0.031,0.03,0.03,0.139,0.049,0.189,0.049,0.051,0.049,0.078,0.115,0.126,0.363,0.133,0.15,0.043,0.034,1.6524261953557688,2.701
MAC000005,2013-06-23,0.034,0.033,0.036,0.033,0.036,0.042,0.034,0.034,0.033,0.034,0.033,0.035,0.035,0.034,0.034,0.034,0.313,0.086,0.06,0.107,0.033,0.034,0.033,0.033,0.032,0.033,0.033,0.053,0.115,0.114,0.032,0.033,0.031,0.035,0.154,0.099,0.067,0.067,0.064,0.171,0.09,0.074,0.072,0.231,0.08,0.127,0.093,0.033,1.6524261953557688,3.1859999999999995
MAC000005,2013-06-24,0.031,0.03,0.033,0.033,0.038,0.032,0.033,0.033,0.032,0.033,0.033,0.033,0.035,0.034,0.033,0.201,0.08,0.076,0.032,0.032,0.032,0.034,0.034,0.048,0.111,0.116,0.067,0.033,0.03,0.032,0.031,0.031,0.033,0.033,0.257,0.283,0.452,0.19,0.07,0.07,0.073,0.075,0.085,0.402,0.108,0.133,0.046,0.032,1.6524261953557688,3.8579999999999997
MAC000005,2013-06-25,0.033,0.033,0.032,0.033,0.031,0.032,0.037,0.032,0.032,0.031,0.032,0.034,0.034,0.035,0.175,0.04,0.035,0.034,0.035,0.033,0.031,0.033,0.032,0.032,0.033,0.034,0.034,0.034,0.033,0.034,0.034,0.033,0.032,0.031,0.034,0.033,0.031,0.031,0.158,0.07,0.036,0.07,0.164,0.338,0.132,0.045,0.034,0.034,1.6524261953557688,2.4829999999999997
MAC000005,2013-06-26,0.033,0.033,0.033,0.034,0.033,0.033,0.033,0.033,0.033,0.033,0.034,0.035,0.035,0.034,0.158,0.037,0.11,0.033,0.034,0.032,0.033,0.034,0.033,0.034,0.032,0.11,0.032,0.032,0.136,0.033,0.071,0.035,0.152,0.7,0.14,0.066,0.078,0.048,0.043,0.041,0.041,0.071,0.411,0.204,0.1,0.075,0.048,0.036,1.6524261953557688,3.742000000000001
MAC000005,2013-06-27,0.03,0.031,0.031,0.038,0.038,0.041,0.037,0.035,0.031,0.03,0.029,0.033,0.038,0.037,0.167,0.068,0.044,0.032,0.03,0.031,0.039,0.04,0.166,0.03,0.031,0.085,0.038,0.037,0.037,0.038,0.036,0.031,0.033,0.041,0.24,0.334,0.071,0.077,0.058,0.07,0.072,0.098,0.216,0.2,0.123,0.104,0.033,0.039,1.6524261953557688,3.268
MAC000005,2013-06-28,0.038,0.039,0.032,0.029,0.03,0.036,0.038,0.037,0.037,0.03,0.029,0.031,0.04,0.04,0.195,0.128,0.03,0.033,0.04,0.038,0.039,0.031,0.395,0.124,0.109,0.049,0.04,0.032,0.03,0.03,0.038,0.115,0.039,0.029,0.031,0.089,0.652,0.146,0.188,0.069,0.059,0.074,0.12,0.293,0.094,0.137,0.047,0.039,1.6524261953557688,4.088
MAC000005,2013-06-29,0.033,0.031,0.03,0.039,0.039,0.039,0.04,0.031,0.03,0.032,0.04,0.041,0.042,0.038,0.15,0.07,0.04,0.097,0.037,0.115,0.06,0.085,0.031,0.182,0.628,0.172,0.034,0.057,0.042,0.04,0.032,0.031,0.031,0.038,0.124,0.041,0.063,0.158,0.032,0.037,0.305,0.825,0.224,0.212,0.209,0.119,0.05,0.041,1.6524261953557688,4.917
MAC000005,2013-06-30,0.049,0.032,0.029,0.05,0.045,0.029,0.033,0.048,0.038,0.027,0.043,0.049,0.032,0.902,0.327,0.043,0.03,0.158,0.054,0.035,0.032,0.034,0.044,0.043,0.034,0.031,0.031,0.041,0.042,0.039,0.03,0.029,0.04,0.042,0.041,0.032,0.03,0.041,0.158,0.077,0.037,0.216,0.107,0.153,0.101,0.114,0.031,0.03,1.6524261953557688,3.732999999999999
MAC000005,2013-07-01,0.045,0.045,0.034,0.033,0.041,0.045,0.036,0.029,0.035,0.042,0.043,0.035,0.032,0.035,0.043,0.076,0.15,0.035,0.047,0.146,0.045,0.373,0.069,0.1,0.036,0.094,0.072,0.399,0.374,0.127,0.099,0.032,0.041,0.05,0.095,0.291,0.395,0.19,0.06,0.042,0.052,0.071,0.267,0.129,0.128,0.07,0.092,0.031,1.6524261953557688,4.850999999999999
MAC000005,2013-07-02,0.042,0.045,0.036,0.03,0.033,0.043,0.043,0.032,0.029,0.036,0.045,0.043,0.032,0.03,0.042,0.169,0.054,0.044,0.147,0.033,0.032,0.045,0.044,0.032,0.031,0.039,0.044,0.041,0.03,0.031,0.04,0.043,0.039,0.031,0.032,0.039,0.041,0.041,0.031,0.029,0.033,0.096,0.297,0.148,0.157,0.127,0.032,0.037,1.6524261953557688,2.669999999999999
